Time,Day_of_week,Age_band_of_driver,Sex_of_driver,Driving_experience,Type_of_vehicle,Area_accident_occured,Road_surface_type,Road_surface_conditions,Weather_conditions,Light_conditions,Type_of_collision,Number_of_vehicles_involved,Number_of_casualties,Vehicle_movement,Sex_of_casualty,Age_band_of_casualty,Casualty_severity,Cause_of_accident,Accident_severity,Owner_of_vehicle,Service_year_of_vehicle,Fitness_of_casuality,Pedestrian_movement,Casualty_severity_label
13:15:00,Thursday,Over 51,Male,2-5yr,Automobile,Church areas,Asphalt roads,Dry,Normal,Daylight,Vehicle with vehicle collision,2,1,Reversing,No Casualty,No Casualty,No Casualty,No priority to pedestrian,Slight Injury,Owner,Unknown,Normal,Not a Pedestrian,No Casualty
13:15:00,Thursday,18-30,Male,1-2yr,Public (> 45 seats),Residential areas,Asphalt roads,Dry,Normal,Daylight,Vehicle with vehicle collision,2,1,Turnover,Female,18-30,3,Driving carelessly,Slight Injury,Governmental,Unknown,Normal,Not a Pedestrian,Slight Injury
16:30:00,Wednesday,18-30,Male,1-2yr,Lorry (11-40Q),Office areas,Asphalt roads,Dry,Normal,Daylight,Vehicle with vehicle collision,1,1,Going straight,Female,18-30,3,No distancing,Slight Injury,Owner,Unknown,Normal,Not a Pedestrian,Slight Injury
20:16:00,Sunday,Over 51,Male,5-10yr,Pick up upto 10Q,Residential areas,Asphalt roads,Dry,Normal,Darkness - lights lit,Rollover,2,1,Going straight,Female,18-30,3,Driving carelessly,Slight Injury,Governmental,Below 1yr,Normal,Not a Pedestrian,Slight Injury
20:16:00,Sunday,31-50,Male,5-10yr,Lorry (11-40Q),Other,Asphalt roads,Dry,Normal,Darkness - lights lit,Rollover,2,1,Going straight,Female,31-50,3,Driving carelessly,Slight Injury,Owner,Unknown,Normal,Not a Pedestrian,Slight Injury
02:10:00,Sunday,18-30,Male,1-2yr,Pick up upto 10Q,Industrial areas,Asphalt roads,Dry,Normal,Darkness - lights lit,Collision with pedestrians,2,1,Going straight,No Casualty,No Casualty,No Casualty,Moving Backward,Slight Injury,Owner,Unknown,Normal,Not a Pedestrian,No Casualty
02:10:00,Sunday,18-30,Male,2-5yr,Special vehicle,Church areas,Asphalt roads,Dry,Normal,Darkness - lights lit,Vehicle with vehicle collision,2,1,Getting off,Male,18-30,3,Overtaking,Slight Injury,Owner,Unknown,Normal,Not a Pedestrian,Slight Injury
15:59:00,Friday,Over 51,Male,5-10yr,Lorry (11-40Q),Residential areas,Asphalt roads,Dry,Normal,Daylight,Vehicle with vehicle collision,1,1,Going straight,No Casualty,No Casualty,No Casualty,No priority to vehicle,Slight Injury,Owner,2-5yrs,Normal,Not a Pedestrian,No Casualty
18:23:00,Wednesday,18-30,Male,5-10yr,Automobile,Other,Asphalt roads,Dry,Normal,Daylight,Vehicle with vehicle collision,2,1,Going straight,No Casualty,No Casualty,No Casualty,No priority to vehicle,Slight Injury,Owner,Unknown,Normal,Not a Pedestrian,No Casualty
18:23:00,Wednesday,18-30,Male,5-10yr,Automobile,Other,Asphalt roads,Dry,Normal,Daylight,Collision with pedestrians,2,1,Going straight,Male,18-30,2,Changing lane to the left,Slight Injury,Owner,Unknown,Normal,Not a Pedestrian,Serious Injury
17:40:00,Tuesday,18-30,Male,2-5yr,Lorry (41-100Q),Office areas,Asphalt roads,Dry,Normal,Daylight,Collision with pedestrians,2,1,Going straight,Female,Under 18,3,No priority to vehicle,Slight Injury,Owner,1-2yr,Normal,Not a Pedestrian,Slight Injury
17:40:00,Tuesday,31-50,Male,Above 10yr,Other,Outside rural areas,Asphalt roads,Dry,Normal,Daylight,Vehicle with vehicle collision,2,1,Going straight,No Casualty,No Casualty,No Casualty,No distancing,Slight Injury,Owner,Above 10yr,Normal,Not a Pedestrian,No Casualty
12:10:00,Thursday,Over 51,Male,Above 10yr,Other,Church areas,Asphalt roads,Dry,Normal,Daylight,Vehicle with vehicle collision,2,1,Going straight,Female,Under 18,3,Moving Backward,Slight Injury,Owner,Above 10yr,Normal,Not a Pedestrian,Slight Injury
12:10:00,Thursday,18-30,Male,5-10yr,Automobile,Office areas,Asphalt roads,Dry,Normal,Daylight,Vehicle with vehicle collision,2,1,Going straight,Male,18-30,3,Changing lane to the right,Slight Injury,Owner,Unknown,Normal,Not a Pedestrian,Slight Injury
08:00:00,Tuesday,18-30,Male,Above 10yr,Other,Church areas,Asphalt roads,Dry,Normal,Daylight,Collision with roadside objects,1,1,Going straight,Male,18-30,3,No distancing,Slight Injury,Owner,Above 10yr,Normal,Not a Pedestrian,Slight Injury
16:55:00,Wednesday,18-30,Male,5-10yr,Automobile,Office areas,Asphalt roads,Dry,Normal,Daylight,Vehicle with vehicle collision,2,1,Going straight,Female,Under 18,3,Overtaking,Slight Injury,Owner,Unknown,Normal,Not a Pedestrian,Slight Injury
16:55:00,Wednesday,Over 51,Male,5-10yr,Public (13-45 seats),Office areas,Asphalt roads,Dry,Normal,Daylight,Collision with roadside objects,2,1,Going straight,Male,Under 18,3,No distancing,Slight Injury,Governmental,Unknown,No Casualty,Crossing from nearside - masked by parked or statioNot a Pedestrianry vehicle,Slight Injury
18:00:00,Friday,18-30,Male,Above 10yr,Lorry (41-100Q),School areas,Asphalt roads,Dry,Normal,Daylight,Vehicle with vehicle collision,2,1,Reversing,No Casualty,No Casualty,No Casualty,Changing lane to the left,Slight Injury,Owner,1-2yr,No Casualty,Not a Pedestrian,No Casualty
18:00:00,Friday,18-30,Male,Above 10yr,Automobile,Residential areas,Asphalt roads,Dry,Normal,Daylight,Vehicle with vehicle collision,2,1,Going straight,Male,18-30,3,Driving under the influence of drugs,Slight Injury,Owner,Below 1yr,Normal,Not a Pedestrian,Slight Injury
12:10:00,Thursday,31-50,Male,5-10yr,Automobile,Office areas,Asphalt roads,Dry,Normal,Daylight,Collision with roadside objects,1,1,Turnover,Male,31-50,2,No distancing,Slight Injury,Owner,Unknown,Normal,Not a Pedestrian,Serious Injury
16:58:00,Thursday,18-30,Male,5-10yr,Automobile,Rural village areas,Asphalt roads,Dry,Normal,Daylight,Vehicle with vehicle collision,2,1,Going straight,Female,Under 18,3,No distancing,Slight Injury,Owner,Unknown,No Casualty,Crossing from driver's nearside,Slight Injury
16:58:00,Thursday,Over 51,Male,Above 10yr,Lorry (41-100Q),Other,Asphalt roads,Dry,Normal,Daylight,Vehicle with vehicle collision,2,1,Going straight,Male,31-50,3,Changing lane to the right,Slight Injury,Owner,Unknown,Normal,"In carriageway, statioNot a Pedestrianry - not crossing  (standing or playing)",Slight Injury
11:17:00,Thursday,18-30,Male,Below 1yr,Automobile,Residential areas,Asphalt roads,Dry,Normal,Daylight,Collision with roadside objects,2,1,Going straight,Male,31-50,2,Changing lane to the left,Slight Injury,Owner,Unknown,No Casualty,Not a Pedestrian,Serious Injury
11:17:00,Thursday,31-50,Male,2-5yr,Lorry (41-100Q),Office areas,Asphalt roads,Dry,Normal,Daylight,Collision with roadside objects,2,1,Going straight,No Casualty,No Casualty,No Casualty,Moving Backward,Slight Injury,Owner,Unknown,No Casualty,Not a Pedestrian,No Casualty
20:16:00,Sunday,18-30,Male,2-5yr,Taxi,Office areas,Asphalt roads,Dry,Normal,Darkness - lights lit,Vehicle with vehicle collision,1,1,Reversing,Male,Under 18,2,No distancing,Slight Injury,Owner,Unknown,No Casualty,Not a Pedestrian,Serious Injury
23:44:00,Thursday,31-50,Male,5-10yr,Lorry (41-100Q),Residential areas,Asphalt roads,Dry,Normal,Darkness - lights lit,Vehicle with vehicle collision,2,1,Going straight,Female,Over 51,2,No distancing,Slight Injury,Owner,Unknown,Normal,Crossing from driver's nearside,Serious Injury
23:44:00,Thursday,18-30,Male,5-10yr,Lorry (41-100Q),Office areas,Asphalt roads,Dry,Normal,Darkness - lights lit,Vehicle with vehicle collision,2,1,Turnover,Female,18-30,3,Driving carelessly,Slight Injury,Owner,Unknown,Normal,Not a Pedestrian,Slight Injury
13:44:00,Friday,18-30,Male,Below 1yr,Other,Office areas,Asphalt roads,Dry,Normal,Daylight,Vehicle with vehicle collision,1,1,Going straight,Female,18-30,3,Moving Backward,Slight Injury,Owner,Unknown,Normal,Not a Pedestrian,Slight Injury
10:40:00,Friday,Over 51,Male,Above 10yr,Stationwagen,Office areas,Asphalt roads,Dry,Normal,Daylight,Vehicle with vehicle collision,2,1,Going straight,Male,31-50,3,No distancing,Slight Injury,Owner,Unknown,Normal,Not a Pedestrian,Slight Injury
10:40:00,Friday,18-30,Male,Below 1yr,Stationwagen,Office areas,Asphalt roads,Dry,Normal,Daylight,Vehicle with vehicle collision,2,1,Going straight,Female,18-30,3,Changing lane to the right,Slight Injury,Owner,Unknown,No Casualty,Not a Pedestrian,Slight Injury
01:18:00,Tuesday,18-30,Male,5-10yr,Lorry (41-100Q),Other,Asphalt roads,Dry,Normal,Darkness - lights lit,Vehicle with vehicle collision,2,1,Going straight,Female,Under 18,3,Driving carelessly,Slight Injury,Owner,Unknown,Normal,Not a Pedestrian,Slight Injury
01:18:00,Tuesday,Under 18,Male,5-10yr,Lorry (41-100Q),Other,Asphalt roads,Dry,Normal,Darkness - lights lit,Vehicle with vehicle collision,2,1,Going straight,Female,31-50,3,Driving to the left,Slight Injury,Owner,Unknown,No Casualty,Not a Pedestrian,Slight Injury
15:47:00,Monday,31-50,Male,5-10yr,Other,Other,Asphalt roads,Dry,Normal,Daylight,Vehicle with vehicle collision,1,1,Getting off,No Casualty,No Casualty,No Casualty,Changing lane to the right,Slight Injury,Owner,2-5yrs,Normal,Not a Pedestrian,No Casualty
15:20:00,Monday,31-50,Male,1-2yr,Automobile,Residential areas,Asphalt roads,Dry,Normal,Daylight,Vehicle with vehicle collision,1,1,Moving Backward,Male,31-50,3,Driving carelessly,Slight Injury,Owner,2-5yrs,Normal,Not a Pedestrian,Slight Injury
14:22:00,Tuesday,18-30,Male,5-10yr,Automobile,School areas,Asphalt roads,Dry,Normal,Daylight,Vehicle with vehicle collision,3,1,Going straight,Male,18-30,3,Changing lane to the right,Slight Injury,Owner,2-5yrs,Normal,Not a Pedestrian,Slight Injury
14:22:00,Tuesday,Over 51,Male,5-10yr,Taxi,Residential areas,Asphalt roads,Dry,Normal,Daylight,Vehicle with vehicle collision,3,1,Turnover,No Casualty,No Casualty,No Casualty,No priority to vehicle,Slight Injury,Owner,2-5yrs,Normal,Not a Pedestrian,No Casualty
14:22:00,Tuesday,18-30,Male,5-10yr,Lorry (41-100Q),Office areas,Asphalt roads,Dry,Normal,Daylight,Vehicle with vehicle collision,3,1,Going straight,Male,18-30,3,Changing lane to the right,Slight Injury,Owner,2-5yrs,Normal,Not a Pedestrian,Slight Injury
18:12:00,Tuesday,31-50,Male,5-10yr,Other,Church areas,Asphalt roads,Dry,Normal,Daylight,Vehicle with vehicle collision,2,1,Going straight,No Casualty,No Casualty,No Casualty,Turnover,Slight Injury,Owner,Unknown,Normal,Not a Pedestrian,No Casualty
18:12:00,Tuesday,18-30,Male,Above 10yr,Automobile,Other,Asphalt roads,Dry,Normal,Daylight,Vehicle with vehicle collision,2,1,Going straight,Male,18-30,3,No priority to vehicle,Slight Injury,Owner,Unknown,Normal,Not a Pedestrian,Slight Injury
20:45:00,Tuesday,18-30,Male,5-10yr,Public (> 45 seats),Other,Asphalt roads,Dry,Normal,Darkness - lights lit,Vehicle with vehicle collision,2,1,Going straight,Male,31-50,3,Overspeed,Slight Injury,Owner,2-5yrs,Normal,Not a Pedestrian,Slight Injury
20:45:00,Tuesday,18-30,Male,5-10yr,Stationwagen,Other,Asphalt roads,Dry,Normal,Darkness - lights lit,Vehicle with vehicle collision,2,1,Going straight,No Casualty,No Casualty,No Casualty,No distancing,Slight Injury,Owner,5-10yrs,Normal,Not a Pedestrian,No Casualty
19:00:00,Wednesday,18-30,Male,Below 1yr,Automobile,Other,Asphalt roads,Dry,Normal,Daylight,Vehicle with vehicle collision,2,1,Going straight,Male,Under 18,3,No distancing,Slight Injury,Owner,Unknown,Normal,Not a Pedestrian,Slight Injury
19:00:00,Wednesday,Over 51,Male,5-10yr,Lorry (41-100Q),Office areas,Asphalt roads,Dry,Normal,Daylight,Collision with roadside objects,2,1,Turnover,Male,Under 18,3,Driving carelessly,Slight Injury,Owner,Unknown,Normal,Not a Pedestrian,Slight Injury
11:10:00,Wednesday,Over 51,Male,5-10yr,Other,Office areas,Asphalt roads,Dry,Normal,Daylight,Vehicle with vehicle collision,2,1,Turnover,Male,31-50,3,Driving carelessly,Slight Injury,Owner,Unknown,Normal,Not a Pedestrian,Slight Injury
11:10:00,Wednesday,18-30,Male,5-10yr,Public (13-45 seats),Residential areas,Asphalt roads,Dry,Normal,Daylight,Collision with pedestrians,2,1,Going straight,Male,Over 51,3,Moving Backward,Slight Injury,Owner,Unknown,Normal,Not a Pedestrian,Slight Injury
18:40:00,Thursday,18-30,Male,5-10yr,Other,Office areas,Asphalt roads,Wet or damp,Rain,Daylight,Vehicle with vehicle collision,2,1,Getting off,Male,31-50,3,No distancing,Slight Injury,Owner,Unknown,Normal,Not a Pedestrian,Slight Injury
18:40:00,Thursday,18-30,Male,5-10yr,Other,Residential areas,Asphalt roads,Wet or damp,Rain,Daylight,Collision with roadside objects,2,1,Getting off,Female,31-50,3,Changing lane to the right,Slight Injury,Owner,Unknown,Normal,Not a Pedestrian,Slight Injury
16:15:00,Thursday,31-50,Male,2-5yr,Ridden horse,Office areas,Asphalt roads,Wet or damp,Rain,Daylight,Vehicle with vehicle collision,1,1,Going straight,No Casualty,No Casualty,No Casualty,Overtaking,Slight Injury,Owner,Unknown,Normal,Not a Pedestrian,No Casualty
00:45:00,Friday,18-30,Male,5-10yr,Lorry (41-100Q),Other,Asphalt roads,Wet or damp,Rain,Darkness - lights lit,Vehicle with vehicle collision,2,1,Overtaking,Male,18-30,3,No distancing,Slight Injury,Owner,Unknown,Normal,Not a Pedestrian,Slight Injury
00:45:00,Friday,18-30,Male,Above 10yr,Lorry (41-100Q),Office areas,Asphalt roads,Wet or damp,Rain,Darkness - lights lit,Vehicle with vehicle collision,2,1,Reversing,No Casualty,No Casualty,No Casualty,Overtaking,Slight Injury,Owner,Unknown,Normal,Not a Pedestrian,No Casualty
11:41:00,Friday,31-50,Male,1-2yr,Pick up upto 10Q,School areas,Asphalt roads,Dry,Normal,Daylight,Vehicle with vehicle collision,2,1,Going straight,Male,18-30,3,Moving Backward,Slight Injury,Owner,Unknown,Normal,Not a Pedestrian,Slight Injury
11:41:00,Friday,18-30,Male,Below 1yr,Lorry (11-40Q),Residential areas,Asphalt roads,Dry,Normal,Daylight,Vehicle with vehicle collision,2,1,Getting off,No Casualty,No Casualty,No Casualty,No distancing,Slight Injury,Owner,Unknown,Normal,Not a Pedestrian,No Casualty
21:00:00,Friday,18-30,Male,1-2yr,Automobile,Office areas,Asphalt roads,Dry,Normal,Darkness - lights lit,Rollover,2,2,Getting off,Female,31-50,3,No distancing,Slight Injury,Owner,Unknown,Normal,Not a Pedestrian,Slight Injury
21:00:00,Friday,Over 51,Male,5-10yr,Automobile,Residential areas,Asphalt roads,Dry,Normal,Darkness - lights lit,Collision with roadside objects,2,2,Reversing,Male,Over 51,3,No priority to vehicle,Slight Injury,Owner,Unknown,Normal,Not a Pedestrian,Slight Injury
13:12:00,Friday,31-50,Male,Above 10yr,Pick up upto 10Q,Office areas,Asphalt roads,Dry,Normal,Daylight,Vehicle with vehicle collision,1,1,Turnover,Female,Over 51,3,No priority to vehicle,Slight Injury,Owner,Above 10yr,Normal,Not a Pedestrian,Slight Injury
18:50:00,Friday,Under 18,Male,5-10yr,Automobile,Residential areas,Asphalt roads,Dry,Normal,Daylight,Collision with roadside objects,2,1,Moving Backward,No Casualty,No Casualty,No Casualty,Changing lane to the left,Slight Injury,Owner,Above 10yr,No Casualty,Not a Pedestrian,No Casualty
18:50:00,Friday,31-50,Male,2-5yr,Other,Other,Asphalt roads,Dry,Normal,Daylight,Vehicle with vehicle collision,2,1,Going straight,No Casualty,No Casualty,No Casualty,No distancing,Slight Injury,Owner,Unknown,Normal,Not a Pedestrian,No Casualty
16:35:00,Friday,18-30,Male,2-5yr,Lorry (41-100Q),Other,Asphalt roads,Dry,Normal,Daylight,Vehicle with vehicle collision,2,2,Going straight,Female,Over 51,3,Driving under the influence of drugs,Slight Injury,Other,Unknown,Normal,Not a Pedestrian,Slight Injury
16:35:00,Friday,31-50,Male,Above 10yr,Public (13-45 seats),Office areas,Asphalt roads,Dry,Normal,Daylight,Vehicle with vehicle collision,2,2,Going straight,Female,18-30,3,Changing lane to the left,Slight Injury,Owner,5-10yrs,Normal,Not a Pedestrian,Slight Injury
19:30:00,Sunday,31-50,Male,2-5yr,Pick up upto 10Q,Office areas,Asphalt roads,Dry,Normal,Darkness - lights lit,Vehicle with vehicle collision,2,1,Going straight,No Casualty,No Casualty,No Casualty,Changing lane to the right,Slight Injury,Owner,Above 10yr,Normal,Not a Pedestrian,No Casualty
19:30:00,Sunday,31-50,Male,Below 1yr,Stationwagen,Residential areas,Asphalt roads,Dry,Normal,Darkness - lights lit,Vehicle with vehicle collision,2,1,Reversing,No Casualty,No Casualty,No Casualty,Driving to the left,Slight Injury,Owner,2-5yrs,Normal,Not a Pedestrian,No Casualty
07:50:00,Friday,18-30,Male,2-5yr,Other,Other,Asphalt roads,Dry,Normal,Daylight,Collision with roadside objects,2,1,Going straight,Female,31-50,3,Overspeed,Slight Injury,Owner,Unknown,No Casualty,Not a Pedestrian,Slight Injury
07:50:00,Friday,18-30,Male,Above 10yr,Pick up upto 10Q,Other,Asphalt roads,Dry,Normal,Daylight,Vehicle with vehicle collision,2,1,Going straight,Male,Under 18,3,Overtaking,Slight Injury,Governmental,Unknown,Normal,Not a Pedestrian,Slight Injury
23:05:00,Monday,Over 51,Male,2-5yr,Public (13-45 seats),Office areas,Asphalt roads,Dry,Normal,Darkness - lights lit,Collision with roadside objects,2,1,Going straight,Female,31-50,3,Changing lane to the right,Slight Injury,Owner,Unknown,Normal,Not a Pedestrian,Slight Injury
23:05:00,Monday,Under 18,Male,Above 10yr,Public (12 seats),Office areas,Asphalt roads,Dry,Normal,Darkness - lights lit,Vehicle with vehicle collision,2,1,Going straight,Male,31-50,3,Changing lane to the right,Slight Injury,Owner,Unknown,Normal,Not a Pedestrian,Slight Injury
16:00:00,Monday,18-30,Male,Above 10yr,Lorry (41-100Q),Church areas,Asphalt roads,Dry,Normal,Daylight,Vehicle with vehicle collision,1,1,Getting off,Male,18-30,3,Moving Backward,Serious Injury,Owner,Unknown,Normal,Not a Pedestrian,Slight Injury
07:52:00,Monday,18-30,Male,Above 10yr,Pick up upto 10Q,Other,Earth roads,Dry,Normal,Daylight,Vehicle with vehicle collision,1,2,Going straight,No Casualty,No Casualty,No Casualty,Moving Backward,Serious Injury,Governmental,Unknown,Normal,Not a Pedestrian,No Casualty
07:52:00,Monday,18-30,Male,Above 10yr,Lorry (41-100Q),Office areas,Asphalt roads,Dry,Normal,Daylight,Vehicle with vehicle collision,1,2,Going straight,Male,18-30,3,Changing lane to the left,Serious Injury,Owner,Unknown,Normal,Not a Pedestrian,Slight Injury
10:35:00,Thursday,18-30,Male,Below 1yr,Pick up upto 10Q,Office areas,Asphalt roads,Wet or damp,Rain,Daylight,Vehicle with vehicle collision,2,1,Going straight,No Casualty,No Casualty,No Casualty,Moving Backward,Slight Injury,Owner,1-2yr,No Casualty,Not a Pedestrian,No Casualty
10:35:00,Thursday,18-30,Male,5-10yr,Long lorry,Residential areas,Asphalt roads,Wet or damp,Rain,Daylight,Vehicle with vehicle collision,2,1,Going straight,No Casualty,No Casualty,No Casualty,No distancing,Slight Injury,Owner,Below 1yr,Normal,Not a Pedestrian,No Casualty
12:30:00,Thursday,31-50,Male,2-5yr,Automobile,Other,Asphalt roads,Dry,Normal,Daylight,Vehicle with vehicle collision,1,1,Reversing,Male,Over 51,3,Moving Backward,Slight Injury,Owner,Unknown,Normal,Not a Pedestrian,Slight Injury
19:58:00,Wednesday,31-50,Male,Above 10yr,Other,Residential areas,Asphalt roads,Dry,Normal,Darkness - lights lit,Vehicle with vehicle collision,2,1,Moving Backward,Female,31-50,2,Changing lane to the right,Slight Injury,Owner,5-10yrs,Normal,Not a Pedestrian,Serious Injury
19:58:00,Wednesday,31-50,Male,Below 1yr,Automobile,Office areas,Asphalt roads,Dry,Normal,Darkness - lights lit,Vehicle with vehicle collision,2,1,Going straight,Female,Under 18,2,Changing lane to the left,Slight Injury,Governmental,Unknown,Normal,Not a Pedestrian,Serious Injury
15:00:00,Wednesday,31-50,Male,2-5yr,Public (13-45 seats),Office areas,Asphalt roads,Dry,Normal,Daylight,Vehicle with vehicle collision,2,1,Going straight,No Casualty,No Casualty,No Casualty,No priority to vehicle,Slight Injury,Owner,5-10yrs,No Casualty,Not a Pedestrian,No Casualty
15:00:00,Wednesday,Under 18,Male,Above 10yr,Special vehicle,Other,Asphalt roads,Dry,Normal,Daylight,Vehicle with vehicle collision,2,1,Going straight,Male,18-30,3,No distancing,Slight Injury,Owner,Above 10yr,Normal,Not a Pedestrian,Slight Injury
08:08:00,Wednesday,31-50,Male,2-5yr,Lorry (41-100Q),Other,Asphalt roads,Dry,Normal,Daylight,Rollover,2,1,Going straight,Female,18-30,3,No priority to vehicle,Slight Injury,Owner,1-2yr,Normal,Not a Pedestrian,Slight Injury
08:08:00,Wednesday,Under 18,Male,2-5yr,Lorry (41-100Q),Office areas,Asphalt roads,Dry,Normal,Daylight,Collision with roadside objects,2,1,Going straight,Female,Under 18,3,Driving under the influence of drugs,Slight Injury,Owner,2-5yrs,Normal,Not a Pedestrian,Slight Injury
08:00:00,Tuesday,31-50,Male,2-5yr,Public (> 45 seats),Residential areas,Asphalt roads,Dry,Normal,Daylight,Vehicle with vehicle collision,2,1,Going straight,Male,31-50,3,Changing lane to the right,Slight Injury,Owner,Unknown,Normal,Not a Pedestrian,Slight Injury
08:00:00,Tuesday,18-30,Male,1-2yr,Automobile,Other,Asphalt roads,Dry,Normal,Daylight,Vehicle with vehicle collision,2,1,Turnover,Male,18-30,2,No distancing,Slight Injury,Owner,Unknown,Normal,Crossing from nearside - masked by parked or statioNot a Pedestrianry vehicle,Serious Injury
23:00:00,Friday,18-30,Male,5-10yr,Automobile,Residential areas,Asphalt roads,Dry,Normal,Darkness - lights lit,Collision with roadside objects,1,1,Going straight,Male,Under 18,3,No distancing,Serious Injury,Organization,2-5yrs,Normal,Crossing from nearside - masked by parked or statioNot a Pedestrianry vehicle,Slight Injury
21:55:00,Thursday,18-30,Male,2-5yr,Automobile,Church areas,Asphalt roads,Dry,Normal,Darkness - lights lit,Vehicle with vehicle collision,2,1,Other,Male,18-30,3,Changing lane to the left,Slight Injury,Owner,Unknown,Normal,Not a Pedestrian,Slight Injury
21:55:00,Thursday,18-30,Male,1-2yr,Public (> 45 seats),Residential areas,Asphalt roads,Dry,Normal,Darkness - lights lit,Vehicle with vehicle collision,2,1,Going straight,Male,18-30,3,Changing lane to the right,Slight Injury,Governmental,Unknown,Normal,Not a Pedestrian,Slight Injury
19:10:00,Thursday,31-50,Male,1-2yr,Lorry (11-40Q),Office areas,Asphalt roads,Dry,Normal,Daylight,Vehicle with vehicle collision,2,1,Going straight,Female,Under 18,3,Changing lane to the right,Slight Injury,Owner,Unknown,Normal,Crossing from nearside - masked by parked or statioNot a Pedestrianry vehicle,Slight Injury
19:10:00,Thursday,18-30,Male,5-10yr,Pick up upto 10Q,Residential areas,Asphalt roads,Dry,Normal,Daylight,Rollover,2,1,Going straight,Female,18-30,3,Driving under the influence of drugs,Slight Injury,Governmental,Below 1yr,Normal,Not a Pedestrian,Slight Injury
12:40:00,Thursday,18-30,Male,5-10yr,Lorry (11-40Q),Other,Asphalt roads,Dry,Normal,Daylight,Rollover,1,1,Going straight,No Casualty,No Casualty,No Casualty,Moving Backward,Slight Injury,Owner,Unknown,Normal,Not a Pedestrian,No Casualty
20:44:00,Friday,31-50,Male,1-2yr,Pick up upto 10Q,Industrial areas,Asphalt roads,Dry,Normal,Darkness - lights lit,Collision with pedestrians,2,1,Going straight,No Casualty,No Casualty,No Casualty,Changing lane to the left,Slight Injury,Owner,Unknown,Normal,Not a Pedestrian,No Casualty
20:44:00,Friday,18-30,Male,2-5yr,Special vehicle,Church areas,Asphalt roads,Dry,Normal,Darkness - lights lit,Vehicle with vehicle collision,2,1,Moving Backward,Female,18-30,3,No priority to pedestrian,Slight Injury,Owner,Unknown,Normal,Not a Pedestrian,Slight Injury
13:00:00,Friday,Over 51,Male,5-10yr,Lorry (11-40Q),Residential areas,Asphalt roads,Dry,Normal,Daylight,Vehicle with vehicle collision,2,1,Moving Backward,No Casualty,No Casualty,No Casualty,No distancing,Slight Injury,Owner,2-5yrs,Normal,Not a Pedestrian,No Casualty
13:00:00,Friday,18-30,Male,5-10yr,Automobile,Other,Asphalt roads,Dry,Normal,Daylight,Vehicle with vehicle collision,2,1,Moving Backward,Female,18-30,2,No distancing,Slight Injury,Owner,Unknown,Normal,Not a Pedestrian,Serious Injury
09:30:00,Sunday,31-50,Male,5-10yr,Automobile,Other,Asphalt roads,Dry,Normal,Daylight,Collision with pedestrians,1,1,Other,No Casualty,No Casualty,No Casualty,Changing lane to the left,Slight Injury,Owner,Unknown,Normal,Not a Pedestrian,No Casualty
16:36:00,Monday,18-30,Male,2-5yr,Lorry (41-100Q),Office areas,Asphalt roads,Dry,Normal,Daylight,Collision with pedestrians,2,2,Going straight,Male,Over 51,3,Changing lane to the right,Slight Injury,Owner,1-2yr,Normal,Not a Pedestrian,Slight Injury
16:36:00,Monday,18-30,Male,Above 10yr,Other,Outside rural areas,Asphalt roads,Dry,Normal,Daylight,Vehicle with vehicle collision,2,2,Going straight,Female,31-50,3,Driving carelessly,Slight Injury,Owner,Above 10yr,Normal,Not a Pedestrian,Slight Injury
08:00:00,Wednesday,18-30,Male,Above 10yr,Other,Church areas,Asphalt roads,Dry,Normal,Daylight,Vehicle with vehicle collision,1,1,Turnover,No Casualty,No Casualty,No Casualty,No distancing,Serious Injury,Owner,Above 10yr,Normal,Not a Pedestrian,No Casualty
14:00:00,Wednesday,18-30,Male,5-10yr,Automobile,Office areas,Asphalt roads,Dry,Normal,Daylight,Vehicle with vehicle collision,2,1,Getting off,No Casualty,No Casualty,No Casualty,Changing lane to the left,Slight Injury,Owner,Unknown,Normal,Not a Pedestrian,No Casualty
14:00:00,Wednesday,18-30,Male,Above 10yr,Other,Church areas,Asphalt roads,Dry,Normal,Daylight,Collision with roadside objects,2,1,Going straight,Male,Over 51,3,Moving Backward,Slight Injury,Owner,Above 10yr,Normal,Not a Pedestrian,Slight Injury
18:20:00,Wednesday,31-50,Male,5-10yr,Automobile,Office areas,Asphalt roads,Dry,Normal,Daylight,Vehicle with vehicle collision,1,1,Going straight,Male,18-30,3,No distancing,Slight Injury,Owner,Unknown,Normal,Not a Pedestrian,Slight Injury
08:30:00,Wednesday,18-30,Male,5-10yr,Public (13-45 seats),Office areas,Asphalt roads,Dry,Normal,Daylight,Collision with roadside objects,2,1,Going straight,No Casualty,No Casualty,No Casualty,No priority to pedestrian,Slight Injury,Governmental,Unknown,No Casualty,Not a Pedestrian,No Casualty
08:30:00,Wednesday,18-30,Male,Above 10yr,Lorry (41-100Q),School areas,Asphalt roads,Dry,Normal,Daylight,Vehicle with vehicle collision,2,1,Turnover,No Casualty,No Casualty,No Casualty,Changing lane to the left,Slight Injury,Owner,1-2yr,No Casualty,Not a Pedestrian,No Casualty
13:32:00,Wednesday,18-30,Male,Above 10yr,Automobile,Residential areas,Asphalt roads,Dry,Normal,Daylight,Vehicle with vehicle collision,2,2,Reversing,Female,31-50,3,No distancing,Serious Injury,Owner,Below 1yr,Normal,Not a Pedestrian,Slight Injury