Time,Day_of_week,Age_band_of_driver,Sex_of_driver,Driving_experience,Type_of_vehicle,Area_accident_occured,Road_surface_type,Road_surface_conditions,Weather_conditions,Light_conditions,Type_of_collision,Number_of_vehicles_involved,Number_of_casualties,Vehicle_movement,Sex_of_casualty,Age_band_of_casualty,Casualty_severity,Cause_of_accident,Accident_severity,Owner_of_vehicle,Service_year_of_vehicle,Fitness_of_casuality,Pedestrian_movement,Casualty_severity_label
14:45:00,Thursday,Over 51,Male,Above 10yr,Automobile,Industrial areas,Asphalt roads,Dry,Normal,Daylight,Collision with pedestrians,3,1,Going straight,Male,31-50,3,Driving to the left,Slight Injury,Owner,5-10yrs,Normal,Not a Pedestrian,Slight Injury
01:50:00,Sunday,18-30,Female,5-10yr,Other,Office areas,Asphalt roads,Dry,Normal,Darkness - lights lit,Vehicle with vehicle collision,1,1,Going straight,Male,Over 51,2,Moving Backward,Serious Injury,Owner,Unknown,Normal,Not a Pedestrian,Serious Injury
22:45:00,Friday,18-30,Male,1-2yr,Motorcycle,School areas,Asphalt roads,Dry,Normal,Darkness - lights lit,Collision with roadside objects,2,4,Going straight,Male,Under 18,3,Moving Backward,Slight Injury,Owner,Unknown,Normal,Not a Pedestrian,Slight Injury
22:45:00,Friday,18-30,Male,5-10yr,Automobile,Other,Other,Dry,Normal,Darkness - lights lit,Vehicle with vehicle collision,2,4,Moving Backward,Female,18-30,3,Overtaking,Slight Injury,Owner,Unknown,Normal,Not a Pedestrian,Slight Injury
22:45:00,Friday,18-30,Male,2-5yr,Automobile,Church areas,Asphalt roads,Dry,Normal,Darkness - lights lit,Rollover,2,4,Moving Backward,Male,18-30,3,Driving carelessly,Slight Injury,Owner,Unknown,Normal,Not a Pedestrian,Slight Injury
22:45:00,Friday,18-30,Male,Below 1yr,Lorry (41-100Q),Office areas,Asphalt roads,Dry,Normal,Darkness - lights lit,Vehicle with vehicle collision,2,4,Turnover,Male,31-50,3,Changing lane to the left,Slight Injury,Owner,Unknown,Normal,Not a Pedestrian,Slight Injury
21:10:00,Friday,31-50,Male,Below 1yr,Automobile,Other,Asphalt roads,Dry,Normal,Darkness - lights lit,Vehicle with vehicle collision,4,1,Other,No Casualty,No Casualty,No Casualty,Driving under the influence of drugs,Slight Injury,Owner,Unknown,Normal,Not a Pedestrian,No Casualty
21:10:00,Friday,18-30,Female,5-10yr,Public (> 45 seats),Other,Asphalt roads,Dry,Normal,Darkness - lights lit,Vehicle with vehicle collision,4,1,Other,Male,18-30,3,No distancing,Slight Injury,Owner,2-5yrs,Normal,Not a Pedestrian,Slight Injury
21:10:00,Friday,18-30,Female,5-10yr,Lorry (41-100Q),Other,Asphalt roads,Dry,Normal,Darkness - lights lit,Vehicle with vehicle collision,4,1,Going straight,Male,18-30,3,Moving Backward,Slight Injury,Owner,Unknown,Normal,Not a Pedestrian,Slight Injury
21:10:00,Friday,18-30,Female,1-2yr,Public (> 45 seats),Other,Asphalt roads,Dry,Normal,Darkness - lights lit,Vehicle with vehicle collision,4,1,Going straight,No Casualty,No Casualty,No Casualty,Changing lane to the left,Slight Injury,Owner,2-5yrs,Normal,Not a Pedestrian,No Casualty
09:51:00,Friday,31-50,Male,5-10yr,Lorry (41-100Q),Church areas,Asphalt roads,Dry,Normal,Daylight,Collision with roadside objects,2,1,Other,Male,Over 51,3,Changing lane to the right,Slight Injury,Owner,Above 10yr,Normal,Not a Pedestrian,Slight Injury
09:51:00,Friday,Over 51,Male,Above 10yr,Lorry (41-100Q),Residential areas,Asphalt roads,Dry,Normal,Daylight,Vehicle with vehicle collision,2,1,Other,No Casualty,No Casualty,No Casualty,No distancing,Slight Injury,Governmental,2-5yrs,Normal,Not a Pedestrian,No Casualty
21:25:00,Thursday,Under 18,Male,1-2yr,Lorry (41-100Q),Office areas,Asphalt roads,Dry,Other,Darkness - lights lit,Vehicle with vehicle collision,2,1,Going straight,No Casualty,No Casualty,No Casualty,Overspeed,Slight Injury,Owner,2-5yrs,Normal,Not a Pedestrian,No Casualty
21:25:00,Thursday,18-30,Male,5-10yr,Public (12 seats),Other,Asphalt roads,Dry,Other,Darkness - lights lit,Collision with roadside objects,2,1,Reversing,Male,Under 18,2,Changing lane to the right,Slight Injury,Owner,2-5yrs,Normal,Not a Pedestrian,Serious Injury
16:48:00,Sunday,18-30,Male,Above 10yr,Public (12 seats),Office areas,Earth roads,Dry,Normal,Daylight,Collision with roadside objects,2,1,Other,Male,31-50,3,No priority to vehicle,Serious Injury,Owner,2-5yrs,No Casualty,Not a Pedestrian,Slight Injury
16:48:00,Sunday,31-50,Male,2-5yr,Stationwagen,Other,Asphalt roads,Dry,Normal,Daylight,Vehicle with vehicle collision,2,1,Turnover,No Casualty,No Casualty,No Casualty,No distancing,Serious Injury,Owner,2-5yrs,Normal,Not a Pedestrian,No Casualty
15:42:00,Thursday,18-30,Male,5-10yr,Lorry (41-100Q),Church areas,Asphalt roads,Dry,Normal,Daylight,Vehicle with vehicle collision,1,1,Going straight,Male,18-30,3,Turnover,Slight Injury,Owner,1-2yr,Normal,Not a Pedestrian,Slight Injury
00:29:00,Wednesday,18-30,Male,Below 1yr,Automobile,Office areas,Asphalt roads,Dry,Normal,Darkness - lights lit,Vehicle with vehicle collision,2,2,Going straight,No Casualty,No Casualty,No Casualty,No distancing,Slight Injury,Owner,Unknown,No Casualty,Not a Pedestrian,No Casualty
00:29:00,Wednesday,Under 18,Male,5-10yr,Pick up upto 10Q,Other,Asphalt roads,Dry,Normal,Darkness - lights lit,Vehicle with vehicle collision,2,2,Going straight,Female,18-30,3,Changing lane to the right,Slight Injury,Owner,Unknown,Normal,Not a Pedestrian,Slight Injury
00:29:00,Wednesday,Under 18,Male,Above 10yr,Automobile,Other,Earth roads,Dry,Normal,Darkness - lights lit,Collision with roadside objects,2,2,Going straight,Male,31-50,3,No distancing,Slight Injury,Owner,Unknown,Normal,Not a Pedestrian,Slight Injury
20:05:00,Monday,18-30,Male,5-10yr,Public (13-45 seats),School areas,Asphalt roads,Dry,Normal,Daylight,Vehicle with vehicle collision,2,1,Going straight,No Casualty,No Casualty,No Casualty,Changing lane to the left,Serious Injury,Owner,Above 10yr,Normal,Not a Pedestrian,No Casualty
20:05:00,Monday,Under 18,Male,1-2yr,Public (> 45 seats),Church areas,Asphalt roads,Dry,Normal,Daylight,Vehicle with vehicle collision,2,1,Going straight,No Casualty,No Casualty,No Casualty,Driving carelessly,Serious Injury,Owner,Unknown,Normal,Not a Pedestrian,No Casualty
08:04:00,Monday,18-30,Male,5-10yr,Stationwagen,School areas,Earth roads,Wet or damp,Rain,Daylight,Vehicle with vehicle collision,1,1,Going straight,Male,18-30,3,Changing lane to the right,Slight Injury,Owner,Unknown,Normal,Not a Pedestrian,Slight Injury
20:04:00,Wednesday,Over 51,Male,1-2yr,Automobile,Residential areas,Asphalt roads,Dry,Normal,Daylight,Vehicle with vehicle collision,2,1,Going straight,Female,31-50,3,No priority to vehicle,Slight Injury,Owner,2-5yrs,No Casualty,Not a Pedestrian,Slight Injury
20:04:00,Wednesday,18-30,Male,1-2yr,Lorry (41-100Q),Office areas,Asphalt roads,Dry,Normal,Daylight,Vehicle with vehicle collision,2,1,Going straight,Female,31-50,3,No distancing,Slight Injury,Owner,Unknown,No Casualty,Not a Pedestrian,Slight Injury
20:40:00,Friday,Under 18,Male,1-2yr,Stationwagen,Office areas,Asphalt roads,Dry,Normal,Daylight,Vehicle with vehicle collision,2,1,Other,No Casualty,No Casualty,No Casualty,No priority to pedestrian,Slight Injury,Owner,Unknown,Normal,Not a Pedestrian,No Casualty
20:40:00,Friday,18-30,Male,5-10yr,Lorry (41-100Q),Church areas,Asphalt roads,Dry,Normal,Daylight,Collision with roadside objects,2,1,Going straight,Male,31-50,3,No priority to pedestrian,Slight Injury,Governmental,5-10yrs,Normal,Not a Pedestrian,Slight Injury
07:36:00,Thursday,Under 18,Male,5-10yr,Public (12 seats),Residential areas,Asphalt roads,Dry,Normal,Daylight,Vehicle with vehicle collision,2,2,Going straight,Male,18-30,3,No priority to vehicle,Slight Injury,Owner,2-5yrs,No Casualty,Not a Pedestrian,Slight Injury
07:36:00,Thursday,18-30,Male,5-10yr,Lorry (41-100Q),Office areas,Asphalt roads,Dry,Normal,Daylight,Collision with pedestrians,2,2,Moving Backward,No Casualty,No Casualty,No Casualty,Changing lane to the left,Slight Injury,Owner,Unknown,Normal,Not a Pedestrian,No Casualty
11:50:00,Friday,31-50,Male,Below 1yr,Other,Residential areas,Asphalt roads,Dry,Normal,Daylight,Collision with roadside objects,2,1,Going straight,Female,Over 51,3,Changing lane to the left,Slight Injury,Owner,2-5yrs,No Casualty,Not a Pedestrian,Slight Injury
11:50:00,Friday,18-30,Male,Above 10yr,Stationwagen,Other,Asphalt roads,Dry,Normal,Daylight,Collision with roadside objects,2,1,Moving Backward,Male,Over 51,3,No distancing,Slight Injury,Owner,2-5yrs,No Casualty,Not a Pedestrian,Slight Injury
17:35:00,Friday,18-30,Male,5-10yr,Automobile,Other,Asphalt roads,Dry,Normal,Daylight,Vehicle with vehicle collision,3,2,Other,Male,18-30,3,No priority to vehicle,Serious Injury,Governmental,2-5yrs,Normal,Not a Pedestrian,Slight Injury
17:35:00,Friday,Over 51,Male,Below 1yr,Public (> 45 seats),Residential areas,Asphalt roads,Dry,Normal,Daylight,Rollover,3,2,Going straight,No Casualty,No Casualty,No Casualty,No distancing,Serious Injury,Owner,Unknown,Normal,Not a Pedestrian,No Casualty
17:35:00,Friday,18-30,Female,Above 10yr,Other,Industrial areas,Asphalt roads,Dry,Normal,Daylight,Vehicle with vehicle collision,3,2,Reversing,Male,31-50,3,No distancing,Serious Injury,Owner,5-10yrs,Normal,Not a Pedestrian,Slight Injury
17:24:00,Tuesday,18-30,Male,5-10yr,Lorry (41-100Q),Other,Asphalt roads,Dry,Normal,Daylight,Vehicle with vehicle collision,1,1,Going straight,Male,31-50,3,Changing lane to the right,Slight Injury,Owner,2-5yrs,Normal,Not a Pedestrian,Slight Injury
22:30:00,Sunday,31-50,Male,Above 10yr,Automobile,Office areas,Asphalt roads with some distress,Wet or damp,Rain,Darkness - lights lit,Vehicle with vehicle collision,2,1,Other,No Casualty,No Casualty,No Casualty,Changing lane to the left,Slight Injury,Owner,1-2yr,Normal,Not a Pedestrian,No Casualty
22:30:00,Sunday,31-50,Male,5-10yr,Public (> 45 seats),Other,Asphalt roads,Wet or damp,Rain,Darkness - lights lit,Vehicle with vehicle collision,2,1,Other,Male,18-30,3,No distancing,Slight Injury,Organization,2-5yrs,Normal,Not a Pedestrian,Slight Injury
16:32:00,Sunday,18-30,Female,1-2yr,Automobile,Other,Asphalt roads,Dry,Normal,Daylight,Vehicle with vehicle collision,1,1,Other,No Casualty,No Casualty,No Casualty,Overturning,Slight Injury,Governmental,1-2yr,Normal,Not a Pedestrian,No Casualty
09:34:00,Wednesday,31-50,Male,1-2yr,Automobile,Other,Asphalt roads,Dry,Normal,Daylight,Vehicle with vehicle collision,3,1,Stopping,Female,18-30,3,No priority to vehicle,Slight Injury,Owner,Unknown,Normal,Not a Pedestrian,Slight Injury
09:34:00,Wednesday,18-30,Male,1-2yr,Pick up upto 10Q,Other,Asphalt roads,Dry,Normal,Daylight,Vehicle with vehicle collision,3,1,Other,Male,18-30,3,Moving Backward,Slight Injury,Owner,2-5yrs,Normal,Not a Pedestrian,Slight Injury
09:34:00,Wednesday,31-50,Male,2-5yr,Public (12 seats),Office areas,Asphalt roads,Dry,Normal,Daylight,Vehicle with vehicle collision,3,1,Other,No Casualty,No Casualty,No Casualty,Driving under the influence of drugs,Slight Injury,Owner,Unknown,No Casualty,Not a Pedestrian,No Casualty
21:40:00,Friday,31-50,Male,Above 10yr,Lorry (41-100Q),Other,Asphalt roads,Dry,Normal,Darkness - lights lit,Collision with roadside objects,1,1,Other,Female,18-30,3,Moving Backward,Slight Injury,Governmental,1-2yr,Normal,Not a Pedestrian,Slight Injury
16:10:00,Friday,18-30,Male,2-5yr,Lorry (41-100Q),Other,Asphalt roads,Dry,Normal,Daylight,Vehicle with vehicle collision,2,1,Going straight,Male,31-50,3,Changing lane to the right,Slight Injury,Owner,Unknown,Normal,Not a Pedestrian,Slight Injury
16:10:00,Friday,18-30,Male,Above 10yr,Lorry (41-100Q),Other,Asphalt roads,Dry,Normal,Daylight,Vehicle with vehicle collision,2,1,Going straight,Male,31-50,3,Overspeed,Slight Injury,Organization,Unknown,Normal,Not a Pedestrian,Slight Injury
16:45:00,Wednesday,18-30,Male,2-5yr,Public (13-45 seats),Other,Asphalt roads,Dry,Normal,Daylight,Vehicle with vehicle collision,2,1,Going straight,Male,Over 51,3,Driving under the influence of drugs,Slight Injury,Owner,Above 10yr,No Casualty,Not a Pedestrian,Slight Injury
16:45:00,Wednesday,31-50,Male,5-10yr,Lorry (41-100Q),Office areas,Asphalt roads,Dry,Normal,Daylight,Vehicle with vehicle collision,2,1,Going straight,No Casualty,No Casualty,No Casualty,Driving carelessly,Slight Injury,Owner,Unknown,Normal,Not a Pedestrian,No Casualty
17:20:00,Friday,31-50,Male,1-2yr,Lorry (41-100Q),Office areas,Asphalt roads,Wet or damp,Rain,Daylight,Collision with pedestrians,2,4,Going straight,No Casualty,No Casualty,No Casualty,No distancing,Slight Injury,Owner,Unknown,Normal,Not a Pedestrian,No Casualty
17:20:00,Friday,31-50,Male,5-10yr,Motorcycle,Church areas,Asphalt roads,Wet or damp,Rain,Daylight,Vehicle with vehicle collision,2,4,Going straight,Male,18-30,3,No priority to vehicle,Slight Injury,Owner,Above 10yr,Normal,Not a Pedestrian,Slight Injury
17:20:00,Friday,18-30,Male,1-2yr,Lorry (41-100Q),Office areas,Asphalt roads,Wet or damp,Rain,Daylight,Vehicle with vehicle collision,2,4,Going straight,Male,18-30,3,Overspeed,Slight Injury,Owner,Unknown,Normal,Crossing from nearside - masked by parked or statioNot a Pedestrianry vehicle,Slight Injury
17:20:00,Friday,18-30,Male,Above 10yr,Ridden horse,Office areas,Asphalt roads,Wet or damp,Rain,Daylight,Vehicle with vehicle collision,2,4,Going straight,Female,18-30,3,Driving under the influence of drugs,Slight Injury,Owner,Above 10yr,Normal,Not a Pedestrian,Slight Injury
23:20:00,Sunday,18-30,Female,1-2yr,Automobile,Office areas,Asphalt roads,Dry,Normal,Darkness - lights lit,Vehicle with vehicle collision,2,1,Going straight,No Casualty,No Casualty,No Casualty,Changing lane to the right,Slight Injury,Owner,Unknown,Normal,Not a Pedestrian,No Casualty
23:20:00,Sunday,Over 51,Male,1-2yr,Lorry (41-100Q),Office areas,Asphalt roads,Dry,Normal,Darkness - lights lit,Vehicle with vehicle collision,2,1,Going straight,Female,18-30,3,Changing lane to the right,Slight Injury,Owner,Unknown,Normal,Not a Pedestrian,Slight Injury
15:48:00,Tuesday,18-30,Male,2-5yr,Pick up upto 10Q,Residential areas,Asphalt roads,Dry,Normal,Daylight,Vehicle with vehicle collision,2,1,Going straight,No Casualty,No Casualty,No Casualty,Changing lane to the right,Slight Injury,Owner,2-5yrs,Normal,Not a Pedestrian,No Casualty
15:48:00,Tuesday,Under 18,Male,1-2yr,Public (> 45 seats),Residential areas,Asphalt roads,Dry,Normal,Daylight,Collision with roadside objects,2,1,Reversing,Male,18-30,3,Changing lane to the right,Slight Injury,Owner,Above 10yr,Normal,Not a Pedestrian,Slight Injury
00:55:00,Sunday,18-30,Female,1-2yr,Stationwagen,Residential areas,Asphalt roads,Wet or damp,Rain,Darkness - lights lit,Vehicle with vehicle collision,2,1,Going straight,No Casualty,No Casualty,No Casualty,Moving Backward,Slight Injury,Owner,5-10yrs,Normal,Not a Pedestrian,No Casualty
00:55:00,Sunday,31-50,Male,Above 10yr,Automobile,Office areas,Gravel roads,Wet or damp,Rain,Darkness - lights lit,Vehicle with vehicle collision,2,1,Other,No Casualty,No Casualty,No Casualty,No distancing,Slight Injury,Owner,5-10yrs,Normal,Not a Pedestrian,No Casualty
15:50:00,Friday,31-50,Male,Above 10yr,Public (12 seats),Residential areas,Asphalt roads,Dry,Normal,Daylight,Vehicle with vehicle collision,2,1,Going straight,Male,18-30,3,Overspeed,Slight Injury,Owner,Unknown,Normal,Not a Pedestrian,Slight Injury
15:50:00,Friday,18-30,Male,Above 10yr,Automobile,Other,Asphalt roads,Dry,Normal,Daylight,Vehicle with vehicle collision,2,1,Getting off,Male,31-50,3,No distancing,Slight Injury,Governmental,Unknown,Normal,Crossing from nearside - masked by parked or statioNot a Pedestrianry vehicle,Slight Injury
19:10:00,Friday,18-30,Male,Above 10yr,Automobile,Other,Asphalt roads,Wet or damp,Other,Daylight,Vehicle with vehicle collision,1,1,Going straight,Female,Under 18,3,Driving carelessly,Slight Injury,Governmental,Below 1yr,Normal,Crossing from nearside - masked by parked or statioNot a Pedestrianry vehicle,Slight Injury
11:04:00,Sunday,31-50,Male,1-2yr,Automobile,Other,Asphalt roads,Wet or damp,Rain,Daylight,Vehicle with vehicle collision,2,1,Going straight,No Casualty,No Casualty,No Casualty,No distancing,Slight Injury,Owner,Unknown,Normal,Not a Pedestrian,No Casualty
11:04:00,Sunday,31-50,Male,5-10yr,Lorry (41-100Q),School areas,Asphalt roads,Wet or damp,Rain,Daylight,Vehicle with vehicle collision,2,1,Going straight,Male,31-50,3,No distancing,Slight Injury,Owner,Unknown,Normal,Not a Pedestrian,Slight Injury
07:20:00,Monday,18-30,Male,2-5yr,Automobile,School areas,Asphalt roads,Dry,Normal,Daylight,Vehicle with vehicle collision,2,1,Going straight,Female,18-30,2,No distancing,Slight Injury,Owner,Unknown,No Casualty,Not a Pedestrian,Serious Injury
07:20:00,Monday,18-30,Male,2-5yr,Automobile,School areas,Asphalt roads,Dry,Normal,Daylight,Rollover,2,1,Turnover,No Casualty,No Casualty,No Casualty,Changing lane to the right,Slight Injury,Owner,2-5yrs,Normal,Not a Pedestrian,No Casualty
13:57:00,Tuesday,18-30,Male,5-10yr,Public (12 seats),Residential areas,Asphalt roads,Dry,Normal,Daylight,Vehicle with vehicle collision,3,1,Entering a junction,Male,18-30,3,No distancing,Slight Injury,Owner,Unknown,Normal,Not a Pedestrian,Slight Injury
13:57:00,Tuesday,18-30,Male,5-10yr,Taxi,Other,Asphalt roads,Dry,Normal,Daylight,Vehicle with vehicle collision,3,1,Entering a junction,No Casualty,No Casualty,No Casualty,No priority to vehicle,Slight Injury,Owner,Unknown,Normal,Not a Pedestrian,No Casualty
13:57:00,Tuesday,Over 51,Male,2-5yr,Automobile,Office areas,Asphalt roads,Dry,Normal,Daylight,Vehicle with vehicle collision,3,1,Entering a junction,Male,18-30,3,Changing lane to the left,Slight Injury,Owner,Unknown,Normal,Not a Pedestrian,Slight Injury
18:14:00,Thursday,31-50,Male,Above 10yr,Public (12 seats),Other,Asphalt roads,Dry,Normal,Daylight,Collision with roadside objects,2,1,Entering a junction,Female,Under 18,3,Moving Backward,Slight Injury,Owner,5-10yrs,Normal,Not a Pedestrian,Slight Injury
18:14:00,Thursday,18-30,Male,5-10yr,Stationwagen,School areas,Asphalt roads,Dry,Normal,Daylight,Vehicle with vehicle collision,2,1,Other,Male,18-30,3,Driving carelessly,Slight Injury,Owner,Above 10yr,Normal,Not a Pedestrian,Slight Injury
12:20:00,Thursday,18-30,Female,Above 10yr,Stationwagen,Other,Asphalt roads,Dry,Normal,Daylight,Vehicle with vehicle collision,1,1,Entering a junction,No Casualty,No Casualty,No Casualty,Changing lane to the left,Slight Injury,Owner,5-10yrs,Normal,Not a Pedestrian,No Casualty
14:20:00,Friday,18-30,Male,2-5yr,Automobile,Industrial areas,Asphalt roads,Dry,Normal,Daylight,Vehicle with vehicle collision,2,1,Turnover,No Casualty,No Casualty,No Casualty,No priority to pedestrian,Slight Injury,Owner,2-5yrs,Normal,Not a Pedestrian,No Casualty
14:20:00,Friday,18-30,Male,2-5yr,Lorry (41-100Q),Other,Gravel roads,Dry,Normal,Daylight,Collision with roadside objects,2,1,Entering a junction,Male,Over 51,3,No distancing,Slight Injury,Owner,2-5yrs,No Casualty,Not a Pedestrian,Slight Injury
15:20:00,Monday,18-30,Male,2-5yr,Automobile,Office areas,Asphalt roads,Dry,Normal,Daylight,Vehicle with vehicle collision,2,1,Entering a junction,No Casualty,No Casualty,No Casualty,No distancing,Slight Injury,Owner,Unknown,Normal,Not a Pedestrian,No Casualty
15:20:00,Monday,31-50,Male,1-2yr,Public (12 seats),Other,Asphalt roads,Dry,Normal,Daylight,Vehicle with vehicle collision,2,1,Entering a junction,Female,31-50,3,Overturning,Slight Injury,Owner,Unknown,Normal,Not a Pedestrian,Slight Injury
06:05:00,Tuesday,18-30,Male,5-10yr,Automobile,Other,Asphalt roads,Dry,Normal,Daylight,Vehicle with vehicle collision,2,1,Entering a junction,No Casualty,No Casualty,No Casualty,No distancing,Slight Injury,Owner,Unknown,Normal,Not a Pedestrian,No Casualty
06:05:00,Tuesday,18-30,Female,2-5yr,Automobile,Outside rural areas,Asphalt roads,Dry,Normal,Daylight,Vehicle with vehicle collision,2,1,Entering a junction,Female,31-50,3,Drunk driving,Slight Injury,Organization,Above 10yr,Normal,Not a Pedestrian,Slight Injury
11:19:00,Friday,18-30,Male,1-2yr,Lorry (41-100Q),Other,Earth roads,Dry,Normal,Daylight,Collision with roadside objects,1,1,Other,Female,31-50,3,Moving Backward,Slight Injury,Owner,Unknown,Normal,Not a Pedestrian,Slight Injury
15:50:00,Friday,31-50,Male,1-2yr,Automobile,Residential areas,Asphalt roads,Dry,Normal,Daylight,Vehicle with vehicle collision,2,3,Going straight,Male,18-30,3,No priority to pedestrian,Slight Injury,Owner,Above 10yr,Normal,Not a Pedestrian,Slight Injury
15:50:00,Friday,31-50,Male,5-10yr,Motorcycle,Office areas,Asphalt roads,Dry,Normal,Daylight,Vehicle with vehicle collision,2,3,Going straight,No Casualty,No Casualty,No Casualty,Changing lane to the left,Slight Injury,Owner,Above 10yr,Normal,Not a Pedestrian,No Casualty
15:50:00,Friday,31-50,Male,5-10yr,Automobile,Office areas,Asphalt roads,Dry,Normal,Daylight,Vehicle with vehicle collision,2,3,Other,Male,Over 51,3,Changing lane to the left,Slight Injury,Owner,Unknown,Normal,Not a Pedestrian,Slight Injury
15:50:00,Friday,18-30,Male,1-2yr,Automobile,Hospital areas,Gravel roads,Dry,Normal,Daylight,Vehicle with vehicle collision,2,3,Going straight,No Casualty,No Casualty,No Casualty,Getting off the vehicle improperly,Slight Injury,Owner,2-5yrs,Normal,Not a Pedestrian,No Casualty
06:41:00,Thursday,31-50,Male,2-5yr,Automobile,Industrial areas,Asphalt roads,Dry,Normal,Daylight,Vehicle with vehicle collision,2,3,Going straight,No Casualty,No Casualty,No Casualty,No distancing,Slight Injury,Owner,Unknown,No Casualty,Not a Pedestrian,No Casualty
06:41:00,Thursday,18-30,Male,5-10yr,Automobile,Other,Asphalt roads,Dry,Normal,Daylight,Collision with pedestrians,2,3,Going straight,Male,Over 51,3,Changing lane to the right,Slight Injury,Owner,2-5yrs,Normal,Not a Pedestrian,Slight Injury
06:41:00,Thursday,18-30,Male,5-10yr,Public (> 45 seats),Office areas,Asphalt roads,Dry,Normal,Daylight,Vehicle with vehicle collision,2,3,Going straight,Male,31-50,3,Changing lane to the right,Slight Injury,Owner,Unknown,Normal,Not a Pedestrian,Slight Injury
02:17:00,Friday,31-50,Male,5-10yr,Automobile,Office areas,Earth roads,Dry,Normal,Darkness - lights lit,Vehicle with vehicle collision,2,1,Going straight,Female,Under 18,3,Moving Backward,Slight Injury,Owner,Unknown,Normal,Not a Pedestrian,Slight Injury
02:17:00,Friday,18-30,Male,2-5yr,Automobile,Residential areas,Asphalt roads,Dry,Normal,Darkness - lights lit,Collision with roadside objects,2,1,Reversing,Male,Over 51,3,Overspeed,Slight Injury,Owner,Unknown,Normal,Not a Pedestrian,Slight Injury
20:00:00,Friday,18-30,Male,Above 10yr,Automobile,Residential areas,Asphalt roads,Dry,Normal,Daylight,Vehicle with vehicle collision,2,1,Moving Backward,Male,Under 18,3,Changing lane to the left,Slight Injury,Owner,Unknown,Normal,Not a Pedestrian,Slight Injury
20:00:00,Friday,18-30,Male,Above 10yr,Other,School areas,Asphalt roads,Dry,Normal,Daylight,Vehicle with vehicle collision,2,1,Overtaking,No Casualty,No Casualty,No Casualty,Changing lane to the right,Slight Injury,Owner,Unknown,Normal,Not a Pedestrian,No Casualty
20:03:00,Friday,31-50,Male,5-10yr,Stationwagen,Other,Asphalt roads,Dry,Normal,Daylight,Collision with pedestrians,2,3,Going straight,No Casualty,No Casualty,No Casualty,No distancing,Slight Injury,Governmental,Unknown,Normal,Not a Pedestrian,No Casualty
20:03:00,Friday,31-50,Male,Above 10yr,Lorry (41-100Q),Market areas,Asphalt roads,Dry,Normal,Daylight,Vehicle with vehicle collision,2,3,Going straight,Male,18-30,3,Changing lane to the right,Slight Injury,Governmental,Unknown,Normal,Not a Pedestrian,Slight Injury
20:03:00,Friday,31-50,Male,5-10yr,Taxi,Office areas,Earth roads,Dry,Normal,Daylight,Vehicle with vehicle collision,2,3,Going straight,Male,31-50,3,Changing lane to the right,Slight Injury,Owner,Unknown,Normal,Not a Pedestrian,Slight Injury
06:45:00,Friday,18-30,Male,5-10yr,Other,Church areas,Asphalt roads,Dry,Normal,Daylight,Collision with pedestrians,3,2,Going straight,Male,18-30,3,No distancing,Slight Injury,Owner,Unknown,Normal,Not a Pedestrian,Slight Injury
06:45:00,Friday,18-30,Male,Above 10yr,Public (12 seats),Church areas,Asphalt roads,Dry,Normal,Daylight,Collision with pedestrians,3,2,Going straight,Male,18-30,3,Changing lane to the right,Slight Injury,Governmental,Unknown,Normal,Not a Pedestrian,Slight Injury
06:45:00,Friday,18-30,Male,Above 10yr,Automobile,Residential areas,Asphalt roads,Dry,Normal,Daylight,Collision with pedestrians,3,2,Going straight,No Casualty,No Casualty,No Casualty,Driving carelessly,Slight Injury,Owner,Unknown,Normal,Not a Pedestrian,No Casualty
06:45:00,Friday,18-30,Male,5-10yr,Automobile,Residential areas,Asphalt roads,Dry,Normal,Daylight,Collision with roadside objects,3,2,Going straight,Male,Under 18,3,Driving carelessly,Slight Injury,Owner,Above 10yr,Normal,Not a Pedestrian,Slight Injury
15:36:00,Friday,18-30,Male,5-10yr,Public (13-45 seats),Residential areas,Asphalt roads,Dry,Normal,Daylight,Vehicle with vehicle collision,2,1,Reversing,Male,18-30,2,Changing lane to the right,Slight Injury,Owner,Unknown,Normal,Not a Pedestrian,Serious Injury
15:36:00,Friday,31-50,Male,Above 10yr,Lorry (41-100Q),Residential areas,Asphalt roads,Dry,Normal,Daylight,Vehicle with vehicle collision,2,1,Going straight,No Casualty,No Casualty,No Casualty,Overturning,Slight Injury,Owner,Above 10yr,No Casualty,Not a Pedestrian,No Casualty
16:20:00,Friday,18-30,Male,Below 1yr,Lorry (41-100Q),Other,Asphalt roads,Dry,Normal,Daylight,Vehicle with vehicle collision,2,1,Going straight,Male,18-30,3,Changing lane to the right,Slight Injury,Owner,1-2yr,Normal,Not a Pedestrian,Slight Injury
16:20:00,Friday,18-30,Male,2-5yr,Lorry (11-40Q),Other,Asphalt roads,Dry,Normal,Daylight,Vehicle with vehicle collision,2,1,Other,No Casualty,No Casualty,No Casualty,Moving Backward,Slight Injury,Owner,Unknown,Normal,Not a Pedestrian,No Casualty
12:03:00,Sunday,31-50,Male,2-5yr,Motorcycle,Residential areas,Asphalt roads,Dry,Normal,Daylight,Vehicle with vehicle collision,2,3,Entering a junction,No Casualty,No Casualty,No Casualty,No distancing,Slight Injury,Owner,2-5yrs,No Casualty,Not a Pedestrian,No Casualty