Time,Day_of_week,Age_band_of_driver,Sex_of_driver,Driving_experience,Type_of_vehicle,Area_accident_occured,Road_surface_type,Road_surface_conditions,Weather_conditions,Light_conditions,Type_of_collision,Number_of_vehicles_involved,Number_of_casualties,Vehicle_movement,Sex_of_casualty,Age_band_of_casualty,Casualty_severity,Cause_of_accident,Accident_severity,Owner_of_vehicle,Service_year_of_vehicle,Fitness_of_casuality,Pedestrian_movement,Casualty_severity_label
13:45:00,Wednesday,31-50,Male,Above 10yr,Long lorry,Office areas,Asphalt roads,Dry,Normal,Daylight,Vehicle with vehicle collision,2,1,Other,Female,18-30,3,Changing lane to the right,Slight Injury,Owner,2-5yrs,Normal,Not a Pedestrian,Slight Injury
13:45:00,Wednesday,31-50,Male,Above 10yr,Lorry (11-40Q),Office areas,Earth roads,Dry,Normal,Daylight,Vehicle with vehicle collision,2,1,Other,Male,31-50,3,Overspeed,Slight Injury,Owner,5-10yrs,Normal,Not a Pedestrian,Slight Injury
07:10:00,Sunday,18-30,Male,5-10yr,Lorry (11-40Q),Office areas,Asphalt roads,Dry,Normal,Daylight,Vehicle with vehicle collision,1,1,Stopping,Male,31-50,3,No distancing,Serious Injury,Owner,Unknown,Normal,Not a Pedestrian,Slight Injury
16:53:00,Wednesday,18-30,Female,1-2yr,Long lorry,Other,Asphalt roads,Dry,Normal,Daylight,Vehicle with vehicle collision,2,2,Other,No Casualty,No Casualty,No Casualty,Changing lane to the right,Slight Injury,Owner,5-10yrs,Normal,Not a Pedestrian,No Casualty
16:53:00,Wednesday,18-30,Male,5-10yr,Turbo,Church areas,Earth roads,Dry,Normal,Daylight,Vehicle with vehicle collision,2,2,Other,Male,31-50,3,Changing lane to the left,Slight Injury,Owner,Unknown,No Casualty,Not a Pedestrian,Slight Injury
16:53:00,Wednesday,18-30,Male,5-10yr,Long lorry,Industrial areas,Asphalt roads,Dry,Normal,Daylight,Vehicle with vehicle collision,2,2,Other,No Casualty,No Casualty,No Casualty,Getting off the vehicle improperly,Slight Injury,Owner,Unknown,Normal,Not a Pedestrian,No Casualty
15:25:00,Friday,Under 18,Male,1-2yr,Long lorry,Office areas,Asphalt roads,Dry,Normal,Daylight,Vehicle with vehicle collision,2,1,Going straight,No Casualty,No Casualty,No Casualty,Other,Slight Injury,Owner,1-2yr,Normal,Not a Pedestrian,No Casualty
15:25:00,Friday,18-30,Male,5-10yr,Public (13-45 seats),Church areas,Asphalt roads,Dry,Normal,Daylight,Vehicle with vehicle collision,2,1,Going straight,Female,18-30,3,Other,Slight Injury,Owner,Unknown,Normal,Not a Pedestrian,Slight Injury
15:30:00,Friday,18-30,Female,Above 10yr,Automobile,Office areas,Asphalt roads,Dry,Normal,Daylight,Vehicle with vehicle collision,1,1,Going straight,Male,31-50,3,No distancing,Slight Injury,Owner,Unknown,Normal,Not a Pedestrian,Slight Injury
10:50:00,Friday,18-30,Male,Below 1yr,Automobile,Office areas,Asphalt roads,Dry,Normal,Daylight,Vehicle with vehicle collision,2,1,Going straight,Male,31-50,3,No priority to vehicle,Serious Injury,Owner,Unknown,Normal,Not a Pedestrian,Slight Injury
10:50:00,Friday,18-30,Male,5-10yr,Pick up upto 10Q,Residential areas,Asphalt roads,Dry,Normal,Daylight,Vehicle with vehicle collision,2,1,Going straight,Male,31-50,3,Overtaking,Serious Injury,Owner,Unknown,Normal,Not a Pedestrian,Slight Injury
15:48:00,Sunday,18-30,Male,Above 10yr,Automobile,Office areas,Asphalt roads,Dry,Normal,Daylight,Vehicle with vehicle collision,2,1,Going straight,Male,Over 51,2,No priority to pedestrian,Slight Injury,Owner,5-10yrs,No Casualty,Not a Pedestrian,Serious Injury
15:48:00,Sunday,18-30,Male,Below 1yr,Stationwagen,Residential areas,Asphalt roads,Dry,Normal,Daylight,Vehicle with vehicle collision,2,1,Going straight,No Casualty,No Casualty,No Casualty,No distancing,Slight Injury,Owner,5-10yrs,Normal,Not a Pedestrian,No Casualty
18:40:00,Sunday,18-30,Male,1-2yr,Automobile,Office areas,Asphalt roads,Dry,Normal,Daylight,Vehicle with vehicle collision,3,2,Going straight,Male,18-30,3,Changing lane to the right,Slight Injury,Owner,2-5yrs,Normal,Not a Pedestrian,Slight Injury
18:40:00,Sunday,31-50,Male,Above 10yr,Automobile,Office areas,Asphalt roads,Dry,Normal,Daylight,Vehicle with vehicle collision,3,2,Going straight,No Casualty,No Casualty,No Casualty,Driving carelessly,Slight Injury,Owner,2-5yrs,No Casualty,Not a Pedestrian,No Casualty
18:40:00,Sunday,18-30,Male,Above 10yr,Automobile,Other,Asphalt roads,Dry,Normal,Daylight,Vehicle with vehicle collision,3,2,Going straight,Male,Over 51,3,Changing lane to the right,Slight Injury,Owner,Unknown,No Casualty,Not a Pedestrian,Slight Injury
23:50:00,Thursday,18-30,Male,Above 10yr,Long lorry,Other,Asphalt roads,Dry,Normal,Darkness - lights lit,Vehicle with vehicle collision,1,1,Going straight,No Casualty,No Casualty,No Casualty,Overtaking,Slight Injury,Owner,Unknown,Normal,Not a Pedestrian,No Casualty
12:25:00,Thursday,Under 18,Male,5-10yr,Public (13-45 seats),Residential areas,Asphalt roads with some distress,Dry,Normal,Daylight,Collision with roadside objects,2,1,Reversing,Male,31-50,3,Other,Slight Injury,Owner,Above 10yr,Normal,Not a Pedestrian,Slight Injury
12:25:00,Thursday,31-50,Male,1-2yr,Public (13-45 seats),Church areas,Asphalt roads,Dry,Normal,Daylight,Vehicle with vehicle collision,2,1,Going straight,No Casualty,No Casualty,No Casualty,Driving to the left,Slight Injury,Owner,Unknown,No Casualty,Not a Pedestrian,No Casualty
18:30:00,Thursday,18-30,Male,1-2yr,Lorry (11-40Q),Church areas,Asphalt roads,Dry,Normal,Daylight,Collision with pedestrians,2,1,Other,Male,31-50,3,Overspeed,Slight Injury,Governmental,Unknown,No Casualty,Not a Pedestrian,Slight Injury
18:30:00,Thursday,18-30,Male,Below 1yr,Lorry (11-40Q),Residential areas,Asphalt roads,Dry,Normal,Daylight,Vehicle with vehicle collision,2,1,Going straight,No Casualty,No Casualty,No Casualty,No distancing,Slight Injury,Owner,2-5yrs,Normal,Not a Pedestrian,No Casualty
08:45:00,Wednesday,31-50,Male,1-2yr,Pick up upto 10Q,Office areas,Asphalt roads,Dry,Normal,Daylight,Collision with roadside objects,2,1,Getting off,Male,18-30,3,Moving Backward,Serious Injury,Owner,Unknown,Normal,Not a Pedestrian,Slight Injury
08:45:00,Wednesday,18-30,Male,2-5yr,Automobile,Office areas,Asphalt roads,Dry,Normal,Daylight,Vehicle with vehicle collision,2,1,Going straight,No Casualty,No Casualty,No Casualty,Overtaking,Serious Injury,Owner,5-10yrs,No Casualty,Not a Pedestrian,No Casualty
06:45:00,Friday,Over 51,Male,5-10yr,Automobile,Residential areas,Asphalt roads,Dry,Normal,Daylight,Vehicle with vehicle collision,2,1,Going straight,Male,18-30,2,Changing lane to the left,Slight Injury,Owner,2-5yrs,No Casualty,Not a Pedestrian,Serious Injury
06:45:00,Friday,18-30,Male,Above 10yr,Automobile,Church areas,Asphalt roads,Dry,Normal,Daylight,Vehicle with vehicle collision,2,1,Going straight,Male,31-50,3,Changing lane to the right,Slight Injury,Owner,5-10yrs,Normal,Not a Pedestrian,Slight Injury
12:05:00,Thursday,31-50,Male,2-5yr,Long lorry,Residential areas,Asphalt roads,Dry,Normal,Daylight,Vehicle with vehicle collision,3,2,Going straight,No Casualty,No Casualty,No Casualty,Overtaking,Slight Injury,Owner,Above 10yr,Normal,Not a Pedestrian,No Casualty
12:05:00,Thursday,31-50,Male,Above 10yr,Long lorry,Office areas,Asphalt roads,Dry,Normal,Daylight,Vehicle with vehicle collision,3,2,Turnover,Male,18-30,3,Overloading,Slight Injury,Owner,5-10yrs,No Casualty,Not a Pedestrian,Slight Injury
12:05:00,Thursday,18-30,Male,5-10yr,Automobile,Recreational areas,Asphalt roads,Dry,Normal,Daylight,Rollover,3,2,Entering a junction,No Casualty,No Casualty,No Casualty,Other,Slight Injury,Owner,Unknown,No Casualty,Not a Pedestrian,No Casualty
22:47:00,Friday,18-30,Male,5-10yr,Stationwagen,Office areas,Asphalt roads,Dry,Normal,Darkness - lights lit,Collision with roadside objects,1,1,Entering a junction,Male,Under 18,3,No priority to vehicle,Slight Injury,Governmental,Unknown,Normal,Not a Pedestrian,Slight Injury
10:15:00,Tuesday,31-50,Male,5-10yr,Automobile,Industrial areas,Asphalt roads,Dry,Normal,Daylight,Vehicle with vehicle collision,3,1,Entering a junction,Female,Under 18,3,Changing lane to the right,Slight Injury,Owner,5-10yrs,Normal,Not a Pedestrian,Slight Injury
10:15:00,Tuesday,31-50,Male,Below 1yr,Other,Other,Asphalt roads,Dry,Normal,Daylight,Vehicle with vehicle collision,3,1,Entering a junction,No Casualty,No Casualty,No Casualty,Moving Backward,Slight Injury,Owner,Unknown,Normal,Not a Pedestrian,No Casualty
10:15:00,Tuesday,31-50,Male,2-5yr,Special vehicle,Residential areas,Asphalt roads,Dry,Normal,Daylight,Collision with roadside objects,3,1,Other,No Casualty,No Casualty,No Casualty,Changing lane to the left,Slight Injury,Owner,Unknown,Normal,Not a Pedestrian,No Casualty
10:30:00,Monday,18-30,Male,2-5yr,Lorry (41-100Q),Residential areas,Asphalt roads,Dry,Normal,Daylight,Vehicle with vehicle collision,2,1,Entering a junction,No Casualty,No Casualty,No Casualty,No priority to pedestrian,Slight Injury,Governmental,Above 10yr,No Casualty,Not a Pedestrian,No Casualty
10:30:00,Monday,18-30,Male,2-5yr,Pick up upto 10Q,Industrial areas,Asphalt roads,Dry,Normal,Daylight,Vehicle with vehicle collision,2,1,Turnover,Male,31-50,3,No distancing,Slight Injury,Owner,1-2yr,Normal,Not a Pedestrian,Slight Injury
20:40:00,Wednesday,18-30,Male,2-5yr,Lorry (11-40Q),Residential areas,Asphalt roads,Dry,Normal,Darkness - lights lit,Vehicle with vehicle collision,2,1,Entering a junction,Female,Under 18,3,No priority to vehicle,Slight Injury,Owner,2-5yrs,No Casualty,Crossing from driver's nearside,Slight Injury
20:40:00,Wednesday,Under 18,Male,5-10yr,Lorry (41-100Q),Residential areas,Asphalt roads,Dry,Normal,Darkness - lights lit,Vehicle with vehicle collision,2,1,Entering a junction,Female,18-30,3,No distancing,Slight Injury,Owner,Unknown,No Casualty,Not a Pedestrian,Slight Injury
10:00:00,Monday,Over 51,Male,5-10yr,Motorcycle,Office areas,Asphalt roads,Dry,Normal,Daylight,Vehicle with vehicle collision,2,3,Entering a junction,No Casualty,No Casualty,No Casualty,No distancing,Slight Injury,Owner,Unknown,Normal,Not a Pedestrian,No Casualty
10:00:00,Monday,Over 51,Male,Above 10yr,Automobile,Office areas,Gravel roads,Dry,Normal,Daylight,Vehicle with vehicle collision,2,3,Entering a junction,Male,Over 51,3,Moving Backward,Slight Injury,Owner,2-5yrs,Normal,Not a Pedestrian,Slight Injury
10:00:00,Monday,Over 51,Male,5-10yr,Automobile,Office areas,Asphalt roads,Dry,Normal,Daylight,Collision with pedestrians,2,3,Entering a junction,Male,31-50,3,Changing lane to the right,Slight Injury,Owner,Above 10yr,Normal,Not a Pedestrian,Slight Injury
10:00:00,Monday,Over 51,Male,5-10yr,Automobile,Office areas,Asphalt roads,Dry,Normal,Daylight,Vehicle with vehicle collision,2,3,Other,Female,31-50,3,No priority to pedestrian,Slight Injury,Owner,1-2yr,No Casualty,Not a Pedestrian,Slight Injury
17:35:00,Sunday,18-30,Male,Above 10yr,Stationwagen,Office areas,Asphalt roads,Dry,Normal,Daylight,Collision with roadside objects,2,1,Going straight,Male,18-30,3,Moving Backward,Slight Injury,Owner,Unknown,No Casualty,Crossing from nearside - masked by parked or statioNot a Pedestrianry vehicle,Slight Injury
17:35:00,Sunday,31-50,Male,5-10yr,Automobile,Office areas,Asphalt roads,Dry,Normal,Daylight,Vehicle with vehicle collision,2,1,Going straight,Male,18-30,3,Getting off the vehicle improperly,Slight Injury,Owner,Unknown,No Casualty,Not a Pedestrian,Slight Injury
00:28:00,Friday,18-30,Male,5-10yr,Public (> 45 seats),Office areas,Asphalt roads,Dry,Normal,Darkness - lights lit,Vehicle with vehicle collision,2,2,Other,No Casualty,No Casualty,No Casualty,Overtaking,Slight Injury,Owner,Unknown,No Casualty,Not a Pedestrian,No Casualty
00:28:00,Friday,18-30,Male,5-10yr,Public (> 45 seats),Residential areas,Asphalt roads,Dry,Normal,Darkness - lights lit,Vehicle with vehicle collision,2,2,Going straight,Female,31-50,3,Overloading,Slight Injury,Owner,Above 10yr,Normal,Not a Pedestrian,Slight Injury
00:28:00,Friday,31-50,Male,Below 1yr,Stationwagen,Residential areas,Asphalt roads,Dry,Normal,Darkness - lights lit,Vehicle with vehicle collision,2,2,Going straight,Male,18-30,3,Changing lane to the right,Slight Injury,Owner,5-10yrs,Normal,Not a Pedestrian,Slight Injury
09:23:00,Friday,18-30,Male,5-10yr,Automobile,Other,Asphalt roads,Dry,Normal,Daylight,Vehicle with vehicle collision,2,2,Going straight,No Casualty,No Casualty,No Casualty,Improper parking,Slight Injury,Owner,Unknown,Normal,Not a Pedestrian,No Casualty
09:23:00,Friday,Over 51,Male,5-10yr,Bicycle,Church areas,Asphalt roads,Dry,Normal,Daylight,Vehicle with vehicle collision,2,2,Going straight,Male,Over 51,3,Other,Slight Injury,Owner,5-10yrs,Normal,Crossing from offside - masked by  parked or statioNot a Pedestrianry vehicle,Slight Injury
06:33:00,Wednesday,31-50,Male,5-10yr,Automobile,Recreational areas,Asphalt roads,Wet or damp,Normal,Daylight,Vehicle with vehicle collision,2,1,Going straight,No Casualty,No Casualty,No Casualty,Changing lane to the left,Slight Injury,Owner,Unknown,Normal,Not a Pedestrian,No Casualty
06:33:00,Wednesday,31-50,Male,Above 10yr,Lorry (41-100Q),Industrial areas,Asphalt roads,Wet or damp,Normal,Daylight,Vehicle with vehicle collision,2,1,Reversing,Male,Under 18,3,Changing lane to the right,Slight Injury,Owner,Unknown,No Casualty,Not a Pedestrian,Slight Injury
22:10:00,Tuesday,18-30,Female,Above 10yr,Automobile,Residential areas,Asphalt roads,Dry,Normal,Darkness - lights lit,Vehicle with vehicle collision,1,1,Moving Backward,Female,18-30,3,No priority to pedestrian,Slight Injury,Owner,Unknown,Normal,Crossing from offside - masked by  parked or statioNot a Pedestrianry vehicle,Slight Injury
05:20:00,Thursday,31-50,Male,Above 10yr,Public (13-45 seats),Residential areas,Asphalt roads,Wet or damp,Rain,Daylight,Collision with roadside objects,2,1,Overtaking,No Casualty,No Casualty,No Casualty,Overspeed,Slight Injury,Owner,Above 10yr,Normal,Not a Pedestrian,No Casualty
05:20:00,Thursday,18-30,Male,Above 10yr,Special vehicle,Office areas,Asphalt roads,Wet or damp,Rain,Daylight,Vehicle with vehicle collision,2,1,Going straight,Male,18-30,3,Changing lane to the left,Slight Injury,Owner,2-5yrs,Normal,Not a Pedestrian,Slight Injury
10:20:00,Friday,31-50,Male,Above 10yr,Automobile,Market areas,Gravel roads,Dry,Normal,Daylight,Collision with roadside objects,2,1,Going straight,Female,18-30,3,No priority to vehicle,Slight Injury,Owner,2-5yrs,Normal,Not a Pedestrian,Slight Injury
10:20:00,Friday,31-50,Male,Above 10yr,Public (13-45 seats),Other,Asphalt roads,Dry,Normal,Daylight,Vehicle with vehicle collision,2,1,Going straight,No Casualty,No Casualty,No Casualty,Changing lane to the right,Slight Injury,Owner,Unknown,Normal,Not a Pedestrian,No Casualty
22:43:00,Friday,18-30,Male,5-10yr,Automobile,Industrial areas,Asphalt roads,Dry,Normal,Darkness - lights lit,Vehicle with vehicle collision,2,1,Going straight,Female,31-50,3,No distancing,Serious Injury,Owner,Unknown,Normal,Crossing from nearside - masked by parked or statioNot a Pedestrianry vehicle,Slight Injury
22:43:00,Friday,31-50,Male,2-5yr,Lorry (41-100Q),Residential areas,Asphalt roads,Dry,Normal,Darkness - lights lit,Vehicle with vehicle collision,2,1,Going straight,Male,18-30,2,No priority to pedestrian,Serious Injury,Owner,Unknown,Normal,Not a Pedestrian,Serious Injury
15:06:00,Thursday,18-30,Male,Below 1yr,Lorry (41-100Q),Residential areas,Asphalt roads,Dry,Normal,Daylight,Collision with pedestrians,1,1,Going straight,Female,18-30,3,No distancing,Slight Injury,Governmental,Below 1yr,Normal,Not a Pedestrian,Slight Injury
16:47:00,Monday,18-30,Male,Below 1yr,Public (12 seats),Other,Earth roads,Dry,Normal,Daylight,Vehicle with vehicle collision,2,1,Going straight,Male,Under 18,3,No priority to vehicle,Slight Injury,Owner,5-10yrs,Normal,Not a Pedestrian,Slight Injury
16:47:00,Monday,31-50,Male,2-5yr,Lorry (41-100Q),Residential areas,Asphalt roads,Dry,Normal,Daylight,Vehicle with vehicle collision,2,1,Reversing,Female,Under 18,3,Other,Slight Injury,Governmental,Unknown,Normal,Not a Pedestrian,Slight Injury
17:06:00,Thursday,31-50,Male,Below 1yr,Lorry (41-100Q),Rural village areas,Asphalt roads,Dry,Normal,Daylight,Vehicle with vehicle collision,2,1,Going straight,No Casualty,No Casualty,No Casualty,Driving carelessly,Slight Injury,Owner,1-2yr,Normal,Not a Pedestrian,No Casualty
17:06:00,Thursday,31-50,Male,Below 1yr,Public (12 seats),Rural village areas,Asphalt roads,Dry,Normal,Daylight,Collision with pedestrians,2,1,Going straight,Male,31-50,3,Changing lane to the left,Slight Injury,Owner,2-5yrs,Normal,Not a Pedestrian,Slight Injury
17:15:00,Tuesday,18-30,Female,5-10yr,Public (> 45 seats),Office areas,Gravel roads,Dry,Normal,Daylight,Collision with roadside objects,2,1,Other,No Casualty,No Casualty,No Casualty,Driving carelessly,Slight Injury,Owner,Unknown,No Casualty,Not a Pedestrian,No Casualty
17:15:00,Tuesday,18-30,Male,5-10yr,Automobile,Residential areas,Asphalt roads,Dry,Normal,Daylight,Vehicle with vehicle collision,2,1,Entering a junction,No Casualty,No Casualty,No Casualty,Changing lane to the left,Slight Injury,Owner,2-5yrs,Normal,Not a Pedestrian,No Casualty
20:00:00,Tuesday,31-50,Male,Below 1yr,Pick up upto 10Q,Residential areas,Asphalt roads,Dry,Normal,Daylight,Vehicle with vehicle collision,2,1,Turnover,Male,Under 18,3,No priority to vehicle,Slight Injury,Owner,Unknown,No Casualty,Not a Pedestrian,Slight Injury
20:00:00,Tuesday,31-50,Male,Below 1yr,Stationwagen,Outside rural areas,Asphalt roads,Dry,Normal,Daylight,Vehicle with vehicle collision,2,1,Going straight,Female,18-30,2,No distancing,Slight Injury,Owner,Unknown,No Casualty,Not a Pedestrian,Serious Injury
15:10:00,Wednesday,31-50,Male,1-2yr,Other,Residential areas,Earth roads,Dry,Normal,Daylight,Vehicle with vehicle collision,2,1,Going straight,Male,Over 51,3,Changing lane to the right,Slight Injury,Owner,Above 10yr,Normal,Not a Pedestrian,Slight Injury
15:10:00,Wednesday,18-30,Male,Above 10yr,Automobile,Church areas,Asphalt roads,Dry,Normal,Daylight,Vehicle with vehicle collision,2,1,Going straight,No Casualty,No Casualty,No Casualty,Changing lane to the right,Slight Injury,Owner,5-10yrs,Normal,Not a Pedestrian,No Casualty
09:06:00,Monday,31-50,Male,Above 10yr,Automobile,Office areas,Asphalt roads,Dry,Normal,Daylight,Vehicle with vehicle collision,4,1,Going straight,Female,Over 51,3,Overspeed,Slight Injury,Owner,Unknown,Normal,Crossing from nearside - masked by parked or statioNot a Pedestrianry vehicle,Slight Injury
09:06:00,Monday,31-50,Male,Below 1yr,Stationwagen,Office areas,Asphalt roads,Dry,Normal,Daylight,Vehicle with vehicle collision,4,1,Going straight,No Casualty,No Casualty,No Casualty,No distancing,Slight Injury,Owner,Unknown,Normal,Not a Pedestrian,No Casualty
09:06:00,Monday,18-30,Male,2-5yr,Pick up upto 10Q,Office areas,Asphalt roads,Dry,Normal,Daylight,Collision with roadside objects,4,1,Going straight,Female,18-30,3,Changing lane to the right,Slight Injury,Governmental,Unknown,Normal,Not a Pedestrian,Slight Injury
09:06:00,Monday,18-30,Male,2-5yr,Lorry (41-100Q),Other,Asphalt roads,Dry,Normal,Daylight,Collision with roadside objects,4,1,Going straight,Male,Over 51,3,Changing lane to the left,Slight Injury,Owner,2-5yrs,Normal,Not a Pedestrian,Slight Injury
14:50:00,Thursday,31-50,Male,Above 10yr,Automobile,Other,Earth roads,Dry,Normal,Daylight,Vehicle with vehicle collision,2,2,Going straight,No Casualty,No Casualty,No Casualty,Getting off the vehicle improperly,Serious Injury,Owner,2-5yrs,Normal,Not a Pedestrian,No Casualty
14:50:00,Thursday,Over 51,Male,2-5yr,Automobile,Residential areas,Asphalt roads,Dry,Normal,Daylight,Vehicle with vehicle collision,2,2,Getting off,Male,31-50,3,Other,Serious Injury,Owner,Unknown,Normal,Not a Pedestrian,Slight Injury
17:40:00,Sunday,31-50,Male,2-5yr,Lorry (41-100Q),Other,Asphalt roads,Dry,Normal,Daylight,Vehicle with vehicle collision,2,1,Getting off,No Casualty,No Casualty,No Casualty,Other,Slight Injury,Owner,Unknown,Normal,Not a Pedestrian,No Casualty
17:40:00,Sunday,31-50,Male,1-2yr,Lorry (41-100Q),Other,Asphalt roads,Dry,Normal,Daylight,Vehicle with vehicle collision,2,1,Getting off,Female,18-30,3,No distancing,Slight Injury,Owner,Below 1yr,Normal,Not a Pedestrian,Slight Injury
18:26:00,Tuesday,18-30,Male,5-10yr,Lorry (41-100Q),Other,Asphalt roads,Dry,Normal,Daylight,Vehicle with vehicle collision,2,1,Moving Backward,Male,18-30,3,No priority to vehicle,Slight Injury,Owner,5-10yrs,No Casualty,Not a Pedestrian,Slight Injury
18:26:00,Tuesday,31-50,Male,Below 1yr,Pick up upto 10Q,Other,Asphalt roads,Dry,Normal,Daylight,Rollover,2,1,Going straight,No Casualty,No Casualty,No Casualty,Overtaking,Slight Injury,Governmental,5-10yrs,Normal,Not a Pedestrian,No Casualty
15:19:00,Sunday,18-30,Male,Below 1yr,Pick up upto 10Q,Other,Asphalt roads,Dry,Normal,Daylight,Vehicle with vehicle collision,2,1,Going straight,Male,31-50,3,No priority to pedestrian,Serious Injury,Owner,2-5yrs,No Casualty,Not a Pedestrian,Slight Injury
15:19:00,Sunday,18-30,Male,5-10yr,Automobile,Other,Asphalt roads,Dry,Normal,Daylight,Collision with roadside objects,2,1,Waiting to go,Female,Over 51,3,No distancing,Serious Injury,Owner,Unknown,Normal,Not a Pedestrian,Slight Injury
16:15:00,Friday,18-30,Male,Below 1yr,Other,Church areas,Asphalt roads,Dry,Normal,Daylight,Collision with pedestrians,2,1,Going straight,No Casualty,No Casualty,No Casualty,Changing lane to the right,Serious Injury,Owner,2-5yrs,No Casualty,Not a Pedestrian,No Casualty
16:15:00,Friday,18-30,Male,1-2yr,Automobile,Other,Asphalt roads,Dry,Normal,Daylight,Vehicle with vehicle collision,2,1,Other,Male,Under 18,2,Driving carelessly,Serious Injury,Owner,5-10yrs,Normal,Not a Pedestrian,Serious Injury
18:30:00,Thursday,31-50,Male,2-5yr,Automobile,Industrial areas,Asphalt roads,Dry,Normal,Daylight,Vehicle with vehicle collision,4,1,Going straight,No Casualty,No Casualty,No Casualty,Changing lane to the right,Serious Injury,Organization,2-5yrs,No Casualty,Not a Pedestrian,No Casualty
18:30:00,Thursday,18-30,Male,1-2yr,Motorcycle,Residential areas,Asphalt roads,Dry,Normal,Daylight,Vehicle with vehicle collision,4,1,Going straight,Male,31-50,3,Overtaking,Serious Injury,Owner,Unknown,No Casualty,Not a Pedestrian,Slight Injury
18:30:00,Thursday,31-50,Male,5-10yr,Automobile,Other,Earth roads,Dry,Normal,Daylight,Vehicle with vehicle collision,4,1,Going straight,Male,31-50,3,Other,Serious Injury,Governmental,Above 10yr,Normal,Not a Pedestrian,Slight Injury
18:30:00,Thursday,Over 51,Male,Below 1yr,Automobile,Office areas,Asphalt roads,Dry,Normal,Daylight,Vehicle with vehicle collision,4,1,Going straight,Male,18-30,3,Driving to the left,Serious Injury,Owner,Unknown,Normal,Not a Pedestrian,Slight Injury
15:40:00,Wednesday,18-30,Male,Above 10yr,Public (12 seats),Industrial areas,Asphalt roads,Dry,Normal,Daylight,Vehicle with vehicle collision,2,1,Overtaking,No Casualty,No Casualty,No Casualty,Overspeed,Slight Injury,Owner,Unknown,Normal,Not a Pedestrian,No Casualty
15:40:00,Wednesday,Over 51,Male,5-10yr,Automobile,Industrial areas,Asphalt roads,Dry,Normal,Daylight,Vehicle with vehicle collision,2,1,Going straight,No Casualty,No Casualty,No Casualty,No distancing,Slight Injury,Owner,1-2yr,Normal,Not a Pedestrian,No Casualty
18:53:00,Friday,31-50,Male,Below 1yr,Public (> 45 seats),Other,Asphalt roads,Dry,Normal,Daylight,Collision with roadside objects,2,2,Going straight,No Casualty,No Casualty,No Casualty,Changing lane to the right,Slight Injury,Owner,Unknown,No Casualty,Not a Pedestrian,No Casualty
18:53:00,Friday,18-30,Male,5-10yr,Lorry (41-100Q),Hospital areas,Other,Dry,Normal,Daylight,Rollover,2,2,Going straight,Male,18-30,3,No distancing,Slight Injury,Organization,Above 10yr,Normal,Not a Pedestrian,Slight Injury
18:53:00,Friday,18-30,Male,5-10yr,Public (> 45 seats),Office areas,Gravel roads,Dry,Normal,Daylight,Vehicle with vehicle collision,2,2,Turnover,Female,18-30,3,Other,Slight Injury,Owner,Unknown,No Casualty,Not a Pedestrian,Slight Injury
18:22:00,Wednesday,18-30,Male,2-5yr,Automobile,Church areas,Gravel roads,Dry,Normal,Daylight,Collision with pedestrians,2,1,Going straight,No Casualty,No Casualty,No Casualty,No priority to vehicle,Slight Injury,Owner,2-5yrs,Normal,Not a Pedestrian,No Casualty
18:22:00,Wednesday,18-30,Male,Above 10yr,Automobile,Hospital areas,Asphalt roads,Dry,Normal,Daylight,Vehicle with vehicle collision,2,1,Going straight,Male,18-30,3,Changing lane to the left,Slight Injury,Organization,5-10yrs,Normal,Not a Pedestrian,Slight Injury
10:00:00,Sunday,18-30,Male,5-10yr,Automobile,Office areas,Asphalt roads,Dry,Normal,Daylight,Vehicle with vehicle collision,3,1,Getting off,No Casualty,No Casualty,No Casualty,No priority to pedestrian,Slight Injury,Owner,Above 10yr,Normal,Not a Pedestrian,No Casualty
10:00:00,Sunday,18-30,Male,1-2yr,Automobile,Other,Earth roads,Dry,Normal,Daylight,Collision with pedestrians,3,1,Moving Backward,No Casualty,No Casualty,No Casualty,Overtaking,Slight Injury,Owner,2-5yrs,Normal,Not a Pedestrian,No Casualty
10:00:00,Sunday,18-30,Male,5-10yr,Lorry (41-100Q),Office areas,Asphalt roads,Dry,Normal,Daylight,Collision with pedestrians,3,1,Getting off,Female,Under 18,3,Driving carelessly,Slight Injury,Owner,1-2yr,Normal,Not a Pedestrian,Slight Injury
10:00:00,Monday,18-30,Male,Above 10yr,Automobile,Office areas,Asphalt roads,Dry,Normal,Daylight,Vehicle with vehicle collision,2,1,Overtaking,Female,18-30,3,No priority to vehicle,Slight Injury,Owner,2-5yrs,Normal,Not a Pedestrian,Slight Injury
10:00:00,Monday,31-50,Male,5-10yr,Public (13-45 seats),Other,Asphalt roads,Dry,Normal,Daylight,Vehicle with vehicle collision,2,1,Going straight,No Casualty,No Casualty,No Casualty,No priority to pedestrian,Slight Injury,Owner,Unknown,Normal,Not a Pedestrian,No Casualty
13:00:00,Thursday,Over 51,Male,5-10yr,Automobile,Office areas,Asphalt roads,Dry,Normal,Daylight,Vehicle with vehicle collision,2,1,Going straight,Male,31-50,3,Changing lane to the right,Slight Injury,Owner,1-2yr,Normal,Not a Pedestrian,Slight Injury
13:00:00,Thursday,18-30,Male,5-10yr,Public (> 45 seats),Residential areas,Earth roads,Dry,Normal,Daylight,Vehicle with vehicle collision,2,1,Going straight,No Casualty,No Casualty,No Casualty,Driving carelessly,Slight Injury,Owner,Unknown,No Casualty,Not a Pedestrian,No Casualty